image_id,x_min,y_min,x_max,y_max,color,position,description,crop_path
ISIC_0024334,128,57,403,450,bluish,middle-center,A bluish lesion located at the middle-center of the image.,lesion_crops\ISIC_0024334_lesion.jpg
ISIC_0024386,0,0,600,450,bluish,middle-center,A bluish lesion located at the middle-center of the image.,lesion_crops\ISIC_0024386_lesion.jpg
ISIC_0024392,139,126,423,441,bluish,middle-center,A bluish lesion located at the middle-center of the image.,lesion_crops\ISIC_0024392_lesion.jpg
ISIC_0024398,253,204,381,348,bluish,middle-center,A bluish lesion located at the middle-center of the image.,lesion_crops\ISIC_0024398_lesion.jpg
ISIC_0024406,201,132,408,312,bluish,middle-center,A bluish lesion located at the middle-center of the image.,lesion_crops\ISIC_0024406_lesion.jpg
ISIC_0024445,195,0,600,292,bluish,top-center,A bluish lesion located at the top-center of the image.,lesion_crops\ISIC_0024445_lesion.jpg
ISIC_0024450,519,302,600,450,bluish,bottom-right,A bluish lesion located at the bottom-right of the image.,lesion_crops\ISIC_0024450_lesion.jpg
ISIC_0024452,245,123,473,354,bluish,middle-center,A bluish lesion located at the middle-center of the image.,lesion_crops\ISIC_0024452_lesion.jpg
ISIC_0024455,298,68,424,236,bluish,middle-center,A bluish lesion located at the middle-center of the image.,lesion_crops\ISIC_0024455_lesion.jpg
ISIC_0024460,177,22,341,359,bluish,middle-center,A bluish lesion located at the middle-center of the image.,lesion_crops\ISIC_0024460_lesion.jpg
ISIC_0024488,109,154,336,399,bluish,middle-center,A bluish lesion located at the middle-center of the image.,lesion_crops\ISIC_0024488_lesion.jpg
ISIC_0024521,218,62,437,275,bluish,middle-center,A bluish lesion located at the middle-center of the image.,lesion_crops\ISIC_0024521_lesion.jpg
ISIC_0024538,0,0,600,411,bluish,middle-center,A bluish lesion located at the middle-center of the image.,lesion_crops\ISIC_0024538_lesion.jpg
ISIC_0024542,250,76,352,201,bluish,top-center,A bluish lesion located at the top-center of the image.,lesion_crops\ISIC_0024542_lesion.jpg
ISIC_0024544,50,23,446,450,bluish,middle-center,A bluish lesion located at the middle-center of the image.,lesion_crops\ISIC_0024544_lesion.jpg
ISIC_0024556,127,14,297,186,bluish,top-center,A bluish lesion located at the top-center of the image.,lesion_crops\ISIC_0024556_lesion.jpg
ISIC_0024570,98,46,492,364,bluish,middle-center,A bluish lesion located at the middle-center of the image.,lesion_crops\ISIC_0024570_lesion.jpg
ISIC_0024572,163,127,386,417,bluish,middle-center,A bluish lesion located at the middle-center of the image.,lesion_crops\ISIC_0024572_lesion.jpg
ISIC_0024580,127,139,288,380,bluish,middle-center,A bluish lesion located at the middle-center of the image.,lesion_crops\ISIC_0024580_lesion.jpg
ISIC_0024602,0,351,600,450,bluish,bottom-center,A bluish lesion located at the bottom-center of the image.,lesion_crops\ISIC_0024602_lesion.jpg
ISIC_0024614,158,176,478,397,bluish,middle-center,A bluish lesion located at the middle-center of the image.,lesion_crops\ISIC_0024614_lesion.jpg
ISIC_0024621,0,0,600,450,bluish,middle-center,A bluish lesion located at the middle-center of the image.,lesion_crops\ISIC_0024621_lesion.jpg
ISIC_0024633,228,105,390,301,bluish,middle-center,A bluish lesion located at the middle-center of the image.,lesion_crops\ISIC_0024633_lesion.jpg
ISIC_0024635,506,0,600,138,bluish,top-right,A bluish lesion located at the top-right of the image.,lesion_crops\ISIC_0024635_lesion.jpg
ISIC_0024678,306,147,519,322,bluish,middle-right,A bluish lesion located at the middle-right of the image.,lesion_crops\ISIC_0024678_lesion.jpg
ISIC_0024699,178,74,438,389,bluish,middle-center,A bluish lesion located at the middle-center of the image.,lesion_crops\ISIC_0024699_lesion.jpg
ISIC_0024701,83,87,463,410,bluish,middle-center,A bluish lesion located at the middle-center of the image.,lesion_crops\ISIC_0024701_lesion.jpg
ISIC_0024719,247,49,517,321,bluish,middle-center,A bluish lesion located at the middle-center of the image.,lesion_crops\ISIC_0024719_lesion.jpg
ISIC_0024726,210,61,526,450,bluish,middle-center,A bluish lesion located at the middle-center of the image.,lesion_crops\ISIC_0024726_lesion.jpg
ISIC_0024736,120,68,481,350,bluish,middle-center,A bluish lesion located at the middle-center of the image.,lesion_crops\ISIC_0024736_lesion.jpg
ISIC_0024751,49,0,494,422,bluish,middle-center,A bluish lesion located at the middle-center of the image.,lesion_crops\ISIC_0024751_lesion.jpg
ISIC_0024768,0,22,600,450,bluish,middle-center,A bluish lesion located at the middle-center of the image.,lesion_crops\ISIC_0024768_lesion.jpg
ISIC_0024771,0,0,600,450,bluish,middle-center,A bluish lesion located at the middle-center of the image.,lesion_crops\ISIC_0024771_lesion.jpg
ISIC_0024802,120,67,477,427,bluish,middle-center,A bluish lesion located at the middle-center of the image.,lesion_crops\ISIC_0024802_lesion.jpg
ISIC_0024819,193,69,396,332,bluish,middle-center,A bluish lesion located at the middle-center of the image.,lesion_crops\ISIC_0024819_lesion.jpg
ISIC_0024831,0,0,329,450,bluish,middle-left,A bluish lesion located at the middle-left of the image.,lesion_crops\ISIC_0024831_lesion.jpg
ISIC_0024843,49,61,509,348,bluish,middle-center,A bluish lesion located at the middle-center of the image.,lesion_crops\ISIC_0024843_lesion.jpg
ISIC_0024867,170,137,321,312,bluish,middle-center,A bluish lesion located at the middle-center of the image.,lesion_crops\ISIC_0024867_lesion.jpg
ISIC_0024869,0,247,247,450,bluish,bottom-left,A bluish lesion located at the bottom-left of the image.,lesion_crops\ISIC_0024869_lesion.jpg
ISIC_0024884,235,114,434,324,bluish,middle-center,A bluish lesion located at the middle-center of the image.,lesion_crops\ISIC_0024884_lesion.jpg
ISIC_0024887,180,88,419,450,bluish,middle-center,A bluish lesion located at the middle-center of the image.,lesion_crops\ISIC_0024887_lesion.jpg
ISIC_0024890,106,138,456,340,bluish,middle-center,A bluish lesion located at the middle-center of the image.,lesion_crops\ISIC_0024890_lesion.jpg
ISIC_0024893,0,0,150,450,dark,middle-left,A dark lesion located at the middle-left of the image.,lesion_crops\ISIC_0024893_lesion.jpg
ISIC_0024900,213,90,471,428,bluish,middle-center,A bluish lesion located at the middle-center of the image.,lesion_crops\ISIC_0024900_lesion.jpg
ISIC_0024909,0,326,86,450,bluish,bottom-left,A bluish lesion located at the bottom-left of the image.,lesion_crops\ISIC_0024909_lesion.jpg
ISIC_0024929,36,0,553,438,bluish,middle-center,A bluish lesion located at the middle-center of the image.,lesion_crops\ISIC_0024929_lesion.jpg
ISIC_0024953,0,95,500,450,bluish,middle-center,A bluish lesion located at the middle-center of the image.,lesion_crops\ISIC_0024953_lesion.jpg
ISIC_0024954,0,0,600,450,bluish,middle-center,A bluish lesion located at the middle-center of the image.,lesion_crops\ISIC_0024954_lesion.jpg
ISIC_0024957,74,212,340,450,bluish,bottom-center,A bluish lesion located at the bottom-center of the image.,lesion_crops\ISIC_0024957_lesion.jpg
ISIC_0024968,190,202,334,359,bluish,middle-center,A bluish lesion located at the middle-center of the image.,lesion_crops\ISIC_0024968_lesion.jpg
ISIC_0024975,0,0,548,450,bluish,middle-center,A bluish lesion located at the middle-center of the image.,lesion_crops\ISIC_0024975_lesion.jpg
ISIC_0024985,122,55,318,318,bluish,middle-center,A bluish lesion located at the middle-center of the image.,lesion_crops\ISIC_0024985_lesion.jpg
ISIC_0024997,514,0,600,137,bluish,top-right,A bluish lesion located at the top-right of the image.,lesion_crops\ISIC_0024997_lesion.jpg
ISIC_0025007,173,165,329,335,bluish,middle-center,A bluish lesion located at the middle-center of the image.,lesion_crops\ISIC_0025007_lesion.jpg
ISIC_0025015,201,156,327,328,bluish,middle-center,A bluish lesion located at the middle-center of the image.,lesion_crops\ISIC_0025015_lesion.jpg
ISIC_0025028,151,14,480,366,bluish,middle-center,A bluish lesion located at the middle-center of the image.,lesion_crops\ISIC_0025028_lesion.jpg
ISIC_0025039,167,54,399,332,bluish,middle-center,A bluish lesion located at the middle-center of the image.,lesion_crops\ISIC_0025039_lesion.jpg
ISIC_0025045,189,99,445,315,bluish,middle-center,A bluish lesion located at the middle-center of the image.,lesion_crops\ISIC_0025045_lesion.jpg
ISIC_0025053,172,86,517,450,bluish,middle-center,A bluish lesion located at the middle-center of the image.,lesion_crops\ISIC_0025053_lesion.jpg
ISIC_0025063,0,252,243,450,bluish,bottom-left,A bluish lesion located at the bottom-left of the image.,lesion_crops\ISIC_0025063_lesion.jpg
ISIC_0025072,126,103,479,394,bluish,middle-center,A bluish lesion located at the middle-center of the image.,lesion_crops\ISIC_0025072_lesion.jpg
ISIC_0025082,38,59,433,293,bluish,middle-center,A bluish lesion located at the middle-center of the image.,lesion_crops\ISIC_0025082_lesion.jpg
ISIC_0025129,383,0,600,450,bluish,middle-right,A bluish lesion located at the middle-right of the image.,lesion_crops\ISIC_0025129_lesion.jpg
ISIC_0025136,0,5,600,444,bluish,middle-center,A bluish lesion located at the middle-center of the image.,lesion_crops\ISIC_0025136_lesion.jpg
ISIC_0025140,203,96,448,379,bluish,middle-center,A bluish lesion located at the middle-center of the image.,lesion_crops\ISIC_0025140_lesion.jpg
ISIC_0025147,165,130,328,336,bluish,middle-center,A bluish lesion located at the middle-center of the image.,lesion_crops\ISIC_0025147_lesion.jpg
ISIC_0025175,199,152,461,424,bluish,middle-center,A bluish lesion located at the middle-center of the image.,lesion_crops\ISIC_0025175_lesion.jpg
ISIC_0025190,0,73,496,323,bluish,middle-center,A bluish lesion located at the middle-center of the image.,lesion_crops\ISIC_0025190_lesion.jpg
ISIC_0025204,43,0,457,407,bluish,middle-center,A bluish lesion located at the middle-center of the image.,lesion_crops\ISIC_0025204_lesion.jpg
ISIC_0025212,0,0,600,450,bluish,middle-center,A bluish lesion located at the middle-center of the image.,lesion_crops\ISIC_0025212_lesion.jpg
ISIC_0025233,223,96,398,294,bluish,middle-center,A bluish lesion located at the middle-center of the image.,lesion_crops\ISIC_0025233_lesion.jpg
ISIC_0025236,0,3,600,450,bluish,middle-center,A bluish lesion located at the middle-center of the image.,lesion_crops\ISIC_0025236_lesion.jpg
ISIC_0025239,156,111,364,317,bluish,middle-center,A bluish lesion located at the middle-center of the image.,lesion_crops\ISIC_0025239_lesion.jpg
ISIC_0025267,113,72,427,352,bluish,middle-center,A bluish lesion located at the middle-center of the image.,lesion_crops\ISIC_0025267_lesion.jpg
ISIC_0025280,239,88,461,254,bluish,middle-center,A bluish lesion located at the middle-center of the image.,lesion_crops\ISIC_0025280_lesion.jpg
ISIC_0025282,82,0,328,450,bluish,middle-center,A bluish lesion located at the middle-center of the image.,lesion_crops\ISIC_0025282_lesion.jpg
ISIC_0025289,220,108,444,383,bluish,middle-center,A bluish lesion located at the middle-center of the image.,lesion_crops\ISIC_0025289_lesion.jpg
ISIC_0025298,0,141,390,404,bluish,middle-left,A bluish lesion located at the middle-left of the image.,lesion_crops\ISIC_0025298_lesion.jpg
ISIC_0025305,98,55,486,414,bluish,middle-center,A bluish lesion located at the middle-center of the image.,lesion_crops\ISIC_0025305_lesion.jpg
ISIC_0025307,127,1,494,450,bluish,middle-center,A bluish lesion located at the middle-center of the image.,lesion_crops\ISIC_0025307_lesion.jpg
ISIC_0025315,0,212,490,450,bluish,bottom-center,A bluish lesion located at the bottom-center of the image.,lesion_crops\ISIC_0025315_lesion.jpg
ISIC_0025328,52,53,399,406,bluish,middle-center,A bluish lesion located at the middle-center of the image.,lesion_crops\ISIC_0025328_lesion.jpg
ISIC_0025344,174,31,421,405,bluish,middle-center,A bluish lesion located at the middle-center of the image.,lesion_crops\ISIC_0025344_lesion.jpg
ISIC_0025351,86,29,543,346,bluish,middle-center,A bluish lesion located at the middle-center of the image.,lesion_crops\ISIC_0025351_lesion.jpg
ISIC_0025364,111,203,267,374,bluish,middle-left,A bluish lesion located at the middle-left of the image.,lesion_crops\ISIC_0025364_lesion.jpg
ISIC_0025368,0,0,212,450,bluish,middle-left,A bluish lesion located at the middle-left of the image.,lesion_crops\ISIC_0025368_lesion.jpg
ISIC_0025371,136,0,492,287,bluish,top-center,A bluish lesion located at the top-center of the image.,lesion_crops\ISIC_0025371_lesion.jpg
ISIC_0025376,277,0,600,450,bluish,middle-right,A bluish lesion located at the middle-right of the image.,lesion_crops\ISIC_0025376_lesion.jpg
ISIC_0025383,92,123,475,395,bluish,middle-center,A bluish lesion located at the middle-center of the image.,lesion_crops\ISIC_0025383_lesion.jpg
ISIC_0025389,0,0,533,450,bluish,middle-center,A bluish lesion located at the middle-center of the image.,lesion_crops\ISIC_0025389_lesion.jpg
ISIC_0025426,0,0,600,450,bluish,middle-center,A bluish lesion located at the middle-center of the image.,lesion_crops\ISIC_0025426_lesion.jpg
ISIC_0025433,161,100,450,316,bluish,middle-center,A bluish lesion located at the middle-center of the image.,lesion_crops\ISIC_0025433_lesion.jpg
ISIC_0025443,112,82,600,350,bluish,middle-center,A bluish lesion located at the middle-center of the image.,lesion_crops\ISIC_0025443_lesion.jpg
ISIC_0025448,19,114,314,259,bluish,middle-left,A bluish lesion located at the middle-left of the image.,lesion_crops\ISIC_0025448_lesion.jpg
ISIC_0025485,292,0,600,450,bluish,middle-right,A bluish lesion located at the middle-right of the image.,lesion_crops\ISIC_0025485_lesion.jpg
ISIC_0025521,24,105,396,450,bluish,middle-center,A bluish lesion located at the middle-center of the image.,lesion_crops\ISIC_0025521_lesion.jpg
ISIC_0025522,0,0,503,450,bluish,middle-center,A bluish lesion located at the middle-center of the image.,lesion_crops\ISIC_0025522_lesion.jpg
ISIC_0025531,159,0,600,450,bluish,middle-center,A bluish lesion located at the middle-center of the image.,lesion_crops\ISIC_0025531_lesion.jpg
ISIC_0025535,234,47,479,383,bluish,middle-center,A bluish lesion located at the middle-center of the image.,lesion_crops\ISIC_0025535_lesion.jpg
ISIC_0025543,0,55,600,374,bluish,middle-center,A bluish lesion located at the middle-center of the image.,lesion_crops\ISIC_0025543_lesion.jpg
ISIC_0025558,137,115,590,408,bluish,middle-center,A bluish lesion located at the middle-center of the image.,lesion_crops\ISIC_0025558_lesion.jpg
ISIC_0025564,0,0,114,341,bluish,middle-left,A bluish lesion located at the middle-left of the image.,lesion_crops\ISIC_0025564_lesion.jpg
ISIC_0025577,203,0,600,450,bluish,middle-right,A bluish lesion located at the middle-right of the image.,lesion_crops\ISIC_0025577_lesion.jpg
ISIC_0025585,130,240,326,397,bluish,bottom-center,A bluish lesion located at the bottom-center of the image.,lesion_crops\ISIC_0025585_lesion.jpg
ISIC_0025595,158,170,382,420,bluish,middle-center,A bluish lesion located at the middle-center of the image.,lesion_crops\ISIC_0025595_lesion.jpg
ISIC_0025617,67,5,518,416,bluish,middle-center,A bluish lesion located at the middle-center of the image.,lesion_crops\ISIC_0025617_lesion.jpg
ISIC_0025636,56,66,500,404,bluish,middle-center,A bluish lesion located at the middle-center of the image.,lesion_crops\ISIC_0025636_lesion.jpg
ISIC_0025637,140,98,403,345,bluish,middle-center,A bluish lesion located at the middle-center of the image.,lesion_crops\ISIC_0025637_lesion.jpg
ISIC_0025659,77,60,391,445,bluish,middle-center,A bluish lesion located at the middle-center of the image.,lesion_crops\ISIC_0025659_lesion.jpg
ISIC_0025664,68,58,473,337,bluish,middle-center,A bluish lesion located at the middle-center of the image.,lesion_crops\ISIC_0025664_lesion.jpg
ISIC_0025676,107,0,429,450,bluish,middle-center,A bluish lesion located at the middle-center of the image.,lesion_crops\ISIC_0025676_lesion.jpg
ISIC_0025685,0,32,584,412,bluish,middle-center,A bluish lesion located at the middle-center of the image.,lesion_crops\ISIC_0025685_lesion.jpg
ISIC_0025686,74,93,600,450,bluish,middle-center,A bluish lesion located at the middle-center of the image.,lesion_crops\ISIC_0025686_lesion.jpg
ISIC_0025707,97,45,262,175,bluish,top-left,A bluish lesion located at the top-left of the image.,lesion_crops\ISIC_0025707_lesion.jpg
ISIC_0025722,173,68,373,314,bluish,middle-center,A bluish lesion located at the middle-center of the image.,lesion_crops\ISIC_0025722_lesion.jpg
ISIC_0025728,0,0,482,450,bluish,middle-center,A bluish lesion located at the middle-center of the image.,lesion_crops\ISIC_0025728_lesion.jpg
ISIC_0025747,176,160,371,365,bluish,middle-center,A bluish lesion located at the middle-center of the image.,lesion_crops\ISIC_0025747_lesion.jpg
ISIC_0025751,153,137,410,349,bluish,middle-center,A bluish lesion located at the middle-center of the image.,lesion_crops\ISIC_0025751_lesion.jpg
ISIC_0025765,103,62,403,398,bluish,middle-center,A bluish lesion located at the middle-center of the image.,lesion_crops\ISIC_0025765_lesion.jpg
ISIC_0025783,60,93,508,356,bluish,middle-center,A bluish lesion located at the middle-center of the image.,lesion_crops\ISIC_0025783_lesion.jpg
ISIC_0025795,185,138,354,280,bluish,middle-center,A bluish lesion located at the middle-center of the image.,lesion_crops\ISIC_0025795_lesion.jpg
ISIC_0025796,77,151,460,395,bluish,middle-center,A bluish lesion located at the middle-center of the image.,lesion_crops\ISIC_0025796_lesion.jpg
ISIC_0025802,238,160,460,351,bluish,middle-center,A bluish lesion located at the middle-center of the image.,lesion_crops\ISIC_0025802_lesion.jpg
ISIC_0025814,56,19,600,423,bluish,middle-center,A bluish lesion located at the middle-center of the image.,lesion_crops\ISIC_0025814_lesion.jpg
ISIC_0025819,502,307,600,450,bluish,bottom-right,A bluish lesion located at the bottom-right of the image.,lesion_crops\ISIC_0025819_lesion.jpg
ISIC_0025822,51,10,600,450,bluish,middle-center,A bluish lesion located at the middle-center of the image.,lesion_crops\ISIC_0025822_lesion.jpg
ISIC_0025827,20,117,525,395,bluish,middle-center,A bluish lesion located at the middle-center of the image.,lesion_crops\ISIC_0025827_lesion.jpg
ISIC_0025829,108,49,600,302,bluish,middle-center,A bluish lesion located at the middle-center of the image.,lesion_crops\ISIC_0025829_lesion.jpg
ISIC_0025838,0,0,530,426,bluish,middle-center,A bluish lesion located at the middle-center of the image.,lesion_crops\ISIC_0025838_lesion.jpg
ISIC_0025842,0,0,600,450,bluish,middle-center,A bluish lesion located at the middle-center of the image.,lesion_crops\ISIC_0025842_lesion.jpg
ISIC_0025858,153,0,411,285,bluish,top-center,A bluish lesion located at the top-center of the image.,lesion_crops\ISIC_0025858_lesion.jpg
ISIC_0025866,225,193,373,301,bluish,middle-center,A bluish lesion located at the middle-center of the image.,lesion_crops\ISIC_0025866_lesion.jpg
ISIC_0025880,8,23,600,435,bluish,middle-center,A bluish lesion located at the middle-center of the image.,lesion_crops\ISIC_0025880_lesion.jpg
ISIC_0025886,139,66,448,408,bluish,middle-center,A bluish lesion located at the middle-center of the image.,lesion_crops\ISIC_0025886_lesion.jpg
ISIC_0025952,0,0,410,450,bluish,middle-center,A bluish lesion located at the middle-center of the image.,lesion_crops\ISIC_0025952_lesion.jpg
ISIC_0025966,8,21,600,450,bluish,middle-center,A bluish lesion located at the middle-center of the image.,lesion_crops\ISIC_0025966_lesion.jpg
ISIC_0025967,0,0,188,450,bluish,middle-left,A bluish lesion located at the middle-left of the image.,lesion_crops\ISIC_0025967_lesion.jpg
ISIC_0025975,366,0,600,450,bluish,middle-right,A bluish lesion located at the middle-right of the image.,lesion_crops\ISIC_0025975_lesion.jpg
ISIC_0026005,165,64,405,351,bluish,middle-center,A bluish lesion located at the middle-center of the image.,lesion_crops\ISIC_0026005_lesion.jpg
ISIC_0026030,202,150,460,363,bluish,middle-center,A bluish lesion located at the middle-center of the image.,lesion_crops\ISIC_0026030_lesion.jpg
ISIC_0026042,0,62,600,450,bluish,middle-center,A bluish lesion located at the middle-center of the image.,lesion_crops\ISIC_0026042_lesion.jpg
ISIC_0026064,46,0,448,355,bluish,middle-center,A bluish lesion located at the middle-center of the image.,lesion_crops\ISIC_0026064_lesion.jpg
ISIC_0026069,0,46,415,450,bluish,middle-center,A bluish lesion located at the middle-center of the image.,lesion_crops\ISIC_0026069_lesion.jpg
ISIC_0026072,0,0,396,450,bluish,middle-left,A bluish lesion located at the middle-left of the image.,lesion_crops\ISIC_0026072_lesion.jpg
ISIC_0026079,146,65,395,444,bluish,middle-center,A bluish lesion located at the middle-center of the image.,lesion_crops\ISIC_0026079_lesion.jpg
ISIC_0026084,183,163,383,298,bluish,middle-center,A bluish lesion located at the middle-center of the image.,lesion_crops\ISIC_0026084_lesion.jpg
ISIC_0026115,161,86,405,361,bluish,middle-center,A bluish lesion located at the middle-center of the image.,lesion_crops\ISIC_0026115_lesion.jpg
ISIC_0026150,233,151,374,308,bluish,middle-center,A bluish lesion located at the middle-center of the image.,lesion_crops\ISIC_0026150_lesion.jpg
ISIC_0026168,11,73,541,366,bluish,middle-center,A bluish lesion located at the middle-center of the image.,lesion_crops\ISIC_0026168_lesion.jpg
ISIC_0026172,130,166,376,404,bluish,middle-center,A bluish lesion located at the middle-center of the image.,lesion_crops\ISIC_0026172_lesion.jpg
ISIC_0026173,38,4,488,450,bluish,middle-center,A bluish lesion located at the middle-center of the image.,lesion_crops\ISIC_0026173_lesion.jpg
ISIC_0026182,0,0,228,450,reddish,middle-left,A reddish lesion located at the middle-left of the image.,lesion_crops\ISIC_0026182_lesion.jpg
ISIC_0026183,0,0,600,450,bluish,middle-center,A bluish lesion located at the middle-center of the image.,lesion_crops\ISIC_0026183_lesion.jpg
ISIC_0026186,260,0,600,450,reddish,middle-right,A reddish lesion located at the middle-right of the image.,lesion_crops\ISIC_0026186_lesion.jpg
ISIC_0026200,157,81,464,397,bluish,middle-center,A bluish lesion located at the middle-center of the image.,lesion_crops\ISIC_0026200_lesion.jpg
ISIC_0026203,212,151,411,304,bluish,middle-center,A bluish lesion located at the middle-center of the image.,lesion_crops\ISIC_0026203_lesion.jpg
ISIC_0026214,66,53,494,394,bluish,middle-center,A bluish lesion located at the middle-center of the image.,lesion_crops\ISIC_0026214_lesion.jpg
ISIC_0026219,372,0,600,450,bluish,middle-right,A bluish lesion located at the middle-right of the image.,lesion_crops\ISIC_0026219_lesion.jpg
ISIC_0026241,190,76,388,282,bluish,middle-center,A bluish lesion located at the middle-center of the image.,lesion_crops\ISIC_0026241_lesion.jpg
ISIC_0026244,180,42,446,315,bluish,middle-center,A bluish lesion located at the middle-center of the image.,lesion_crops\ISIC_0026244_lesion.jpg
ISIC_0026245,32,52,530,402,bluish,middle-center,A bluish lesion located at the middle-center of the image.,lesion_crops\ISIC_0026245_lesion.jpg
ISIC_0026249,368,0,600,450,bluish,middle-right,A bluish lesion located at the middle-right of the image.,lesion_crops\ISIC_0026249_lesion.jpg
ISIC_0026260,211,156,415,328,bluish,middle-center,A bluish lesion located at the middle-center of the image.,lesion_crops\ISIC_0026260_lesion.jpg
ISIC_0026261,143,48,302,286,bluish,middle-center,A bluish lesion located at the middle-center of the image.,lesion_crops\ISIC_0026261_lesion.jpg
ISIC_0026264,146,63,409,382,bluish,middle-center,A bluish lesion located at the middle-center of the image.,lesion_crops\ISIC_0026264_lesion.jpg
ISIC_0026278,224,216,473,425,bluish,bottom-center,A bluish lesion located at the bottom-center of the image.,lesion_crops\ISIC_0026278_lesion.jpg
ISIC_0026287,0,0,600,450,bluish,middle-center,A bluish lesion located at the middle-center of the image.,lesion_crops\ISIC_0026287_lesion.jpg
ISIC_0026294,172,64,423,380,bluish,middle-center,A bluish lesion located at the middle-center of the image.,lesion_crops\ISIC_0026294_lesion.jpg
ISIC_0026298,352,0,600,450,bluish,middle-right,A bluish lesion located at the middle-right of the image.,lesion_crops\ISIC_0026298_lesion.jpg
ISIC_0026302,118,38,517,439,bluish,middle-center,A bluish lesion located at the middle-center of the image.,lesion_crops\ISIC_0026302_lesion.jpg
ISIC_0026311,123,67,600,450,bluish,middle-center,A bluish lesion located at the middle-center of the image.,lesion_crops\ISIC_0026311_lesion.jpg
ISIC_0026319,535,0,600,100,bluish,top-right,A bluish lesion located at the top-right of the image.,lesion_crops\ISIC_0026319_lesion.jpg
ISIC_0026324,157,34,600,450,bluish,middle-center,A bluish lesion located at the middle-center of the image.,lesion_crops\ISIC_0026324_lesion.jpg
ISIC_0026332,145,96,475,334,bluish,middle-center,A bluish lesion located at the middle-center of the image.,lesion_crops\ISIC_0026332_lesion.jpg
ISIC_0026340,0,0,600,450,bluish,middle-center,A bluish lesion located at the middle-center of the image.,lesion_crops\ISIC_0026340_lesion.jpg
ISIC_0026350,87,96,438,440,bluish,middle-center,A bluish lesion located at the middle-center of the image.,lesion_crops\ISIC_0026350_lesion.jpg
ISIC_0026353,168,152,351,382,bluish,middle-center,A bluish lesion located at the middle-center of the image.,lesion_crops\ISIC_0026353_lesion.jpg
ISIC_0026360,203,141,403,308,bluish,middle-center,A bluish lesion located at the middle-center of the image.,lesion_crops\ISIC_0026360_lesion.jpg
ISIC_0026373,205,0,393,450,bluish,middle-center,A bluish lesion located at the middle-center of the image.,lesion_crops\ISIC_0026373_lesion.jpg
ISIC_0026400,0,0,193,450,bluish,middle-left,A bluish lesion located at the middle-left of the image.,lesion_crops\ISIC_0026400_lesion.jpg
ISIC_0026403,27,7,582,450,bluish,middle-center,A bluish lesion located at the middle-center of the image.,lesion_crops\ISIC_0026403_lesion.jpg
ISIC_0026404,154,0,600,450,bluish,middle-center,A bluish lesion located at the middle-center of the image.,lesion_crops\ISIC_0026404_lesion.jpg
ISIC_0026415,13,0,365,397,bluish,middle-left,A bluish lesion located at the middle-left of the image.,lesion_crops\ISIC_0026415_lesion.jpg
ISIC_0026435,175,125,355,284,bluish,middle-center,A bluish lesion located at the middle-center of the image.,lesion_crops\ISIC_0026435_lesion.jpg
ISIC_0026451,58,0,600,450,bluish,middle-center,A bluish lesion located at the middle-center of the image.,lesion_crops\ISIC_0026451_lesion.jpg
ISIC_0026460,104,16,429,320,bluish,middle-center,A bluish lesion located at the middle-center of the image.,lesion_crops\ISIC_0026460_lesion.jpg
ISIC_0026468,0,0,600,450,bluish,middle-center,A bluish lesion located at the middle-center of the image.,lesion_crops\ISIC_0026468_lesion.jpg
ISIC_0026471,0,0,600,450,bluish,middle-center,A bluish lesion located at the middle-center of the image.,lesion_crops\ISIC_0026471_lesion.jpg
ISIC_0026475,189,86,401,326,bluish,middle-center,A bluish lesion located at the middle-center of the image.,lesion_crops\ISIC_0026475_lesion.jpg
ISIC_0026480,59,71,530,376,bluish,middle-center,A bluish lesion located at the middle-center of the image.,lesion_crops\ISIC_0026480_lesion.jpg
ISIC_0026482,110,109,462,316,bluish,middle-center,A bluish lesion located at the middle-center of the image.,lesion_crops\ISIC_0026482_lesion.jpg
ISIC_0026486,135,201,335,335,bluish,middle-center,A bluish lesion located at the middle-center of the image.,lesion_crops\ISIC_0026486_lesion.jpg
ISIC_0026496,0,0,395,396,bluish,middle-left,A bluish lesion located at the middle-left of the image.,lesion_crops\ISIC_0026496_lesion.jpg
ISIC_0026515,212,41,428,373,bluish,middle-center,A bluish lesion located at the middle-center of the image.,lesion_crops\ISIC_0026515_lesion.jpg
ISIC_0026527,72,139,531,349,bluish,middle-center,A bluish lesion located at the middle-center of the image.,lesion_crops\ISIC_0026527_lesion.jpg
ISIC_0026541,251,154,372,283,bluish,middle-center,A bluish lesion located at the middle-center of the image.,lesion_crops\ISIC_0026541_lesion.jpg
ISIC_0026557,59,64,450,433,bluish,middle-center,A bluish lesion located at the middle-center of the image.,lesion_crops\ISIC_0026557_lesion.jpg
ISIC_0026568,170,94,380,279,bluish,middle-center,A bluish lesion located at the middle-center of the image.,lesion_crops\ISIC_0026568_lesion.jpg
ISIC_0026573,435,0,600,450,bluish,middle-right,A bluish lesion located at the middle-right of the image.,lesion_crops\ISIC_0026573_lesion.jpg
ISIC_0026594,111,0,554,371,bluish,middle-center,A bluish lesion located at the middle-center of the image.,lesion_crops\ISIC_0026594_lesion.jpg
ISIC_0026597,0,28,600,446,bluish,middle-center,A bluish lesion located at the middle-center of the image.,lesion_crops\ISIC_0026597_lesion.jpg
ISIC_0026599,0,0,447,450,bluish,middle-center,A bluish lesion located at the middle-center of the image.,lesion_crops\ISIC_0026599_lesion.jpg
ISIC_0026617,0,65,524,343,bluish,middle-center,A bluish lesion located at the middle-center of the image.,lesion_crops\ISIC_0026617_lesion.jpg
ISIC_0026642,119,18,600,366,bluish,middle-center,A bluish lesion located at the middle-center of the image.,lesion_crops\ISIC_0026642_lesion.jpg
ISIC_0026654,29,125,270,375,bluish,middle-left,A bluish lesion located at the middle-left of the image.,lesion_crops\ISIC_0026654_lesion.jpg
ISIC_0026666,105,54,525,383,bluish,middle-center,A bluish lesion located at the middle-center of the image.,lesion_crops\ISIC_0026666_lesion.jpg
ISIC_0026674,234,166,363,310,bluish,middle-center,A bluish lesion located at the middle-center of the image.,lesion_crops\ISIC_0026674_lesion.jpg
ISIC_0026683,48,31,539,416,bluish,middle-center,A bluish lesion located at the middle-center of the image.,lesion_crops\ISIC_0026683_lesion.jpg
ISIC_0026690,98,60,524,399,bluish,middle-center,A bluish lesion located at the middle-center of the image.,lesion_crops\ISIC_0026690_lesion.jpg
ISIC_0026723,124,37,477,343,bluish,middle-center,A bluish lesion located at the middle-center of the image.,lesion_crops\ISIC_0026723_lesion.jpg
ISIC_0026739,59,32,489,405,bluish,middle-center,A bluish lesion located at the middle-center of the image.,lesion_crops\ISIC_0026739_lesion.jpg
ISIC_0026744,127,0,447,376,bluish,middle-center,A bluish lesion located at the middle-center of the image.,lesion_crops\ISIC_0026744_lesion.jpg
ISIC_0026755,88,33,308,423,bluish,middle-left,A bluish lesion located at the middle-left of the image.,lesion_crops\ISIC_0026755_lesion.jpg
ISIC_0026771,196,174,401,369,bluish,middle-center,A bluish lesion located at the middle-center of the image.,lesion_crops\ISIC_0026771_lesion.jpg
ISIC_0026779,126,39,407,445,bluish,middle-center,A bluish lesion located at the middle-center of the image.,lesion_crops\ISIC_0026779_lesion.jpg
ISIC_0026798,0,0,600,450,bluish,middle-center,A bluish lesion located at the middle-center of the image.,lesion_crops\ISIC_0026798_lesion.jpg
ISIC_0026810,156,147,408,321,bluish,middle-center,A bluish lesion located at the middle-center of the image.,lesion_crops\ISIC_0026810_lesion.jpg
ISIC_0026815,181,0,380,231,bluish,top-center,A bluish lesion located at the top-center of the image.,lesion_crops\ISIC_0026815_lesion.jpg
ISIC_0026873,128,63,397,441,bluish,middle-center,A bluish lesion located at the middle-center of the image.,lesion_crops\ISIC_0026873_lesion.jpg
ISIC_0026876,65,121,470,351,bluish,middle-center,A bluish lesion located at the middle-center of the image.,lesion_crops\ISIC_0026876_lesion.jpg
ISIC_0026924,84,83,462,402,bluish,middle-center,A bluish lesion located at the middle-center of the image.,lesion_crops\ISIC_0026924_lesion.jpg
ISIC_0026927,393,0,600,450,bluish,middle-right,A bluish lesion located at the middle-right of the image.,lesion_crops\ISIC_0026927_lesion.jpg
ISIC_0026941,220,41,441,334,bluish,middle-center,A bluish lesion located at the middle-center of the image.,lesion_crops\ISIC_0026941_lesion.jpg
ISIC_0026947,167,83,420,450,bluish,middle-center,A bluish lesion located at the middle-center of the image.,lesion_crops\ISIC_0026947_lesion.jpg
ISIC_0026963,389,0,600,450,bluish,middle-right,A bluish lesion located at the middle-right of the image.,lesion_crops\ISIC_0026963_lesion.jpg
ISIC_0026983,0,24,261,355,bluish,middle-left,A bluish lesion located at the middle-left of the image.,lesion_crops\ISIC_0026983_lesion.jpg
ISIC_0027000,49,151,425,361,bluish,middle-center,A bluish lesion located at the middle-center of the image.,lesion_crops\ISIC_0027000_lesion.jpg
ISIC_0027003,28,57,562,415,bluish,middle-center,A bluish lesion located at the middle-center of the image.,lesion_crops\ISIC_0027003_lesion.jpg
ISIC_0027015,177,107,522,353,bluish,middle-center,A bluish lesion located at the middle-center of the image.,lesion_crops\ISIC_0027015_lesion.jpg
ISIC_0027019,0,0,560,443,bluish,middle-center,A bluish lesion located at the middle-center of the image.,lesion_crops\ISIC_0027019_lesion.jpg
ISIC_0027025,0,0,600,450,bluish,middle-center,A bluish lesion located at the middle-center of the image.,lesion_crops\ISIC_0027025_lesion.jpg
ISIC_0027048,293,180,447,352,bluish,middle-center,A bluish lesion located at the middle-center of the image.,lesion_crops\ISIC_0027048_lesion.jpg
ISIC_0027050,162,103,357,299,bluish,middle-center,A bluish lesion located at the middle-center of the image.,lesion_crops\ISIC_0027050_lesion.jpg
ISIC_0027059,173,105,310,260,bluish,middle-center,A bluish lesion located at the middle-center of the image.,lesion_crops\ISIC_0027059_lesion.jpg
ISIC_0027070,117,151,367,317,bluish,middle-center,A bluish lesion located at the middle-center of the image.,lesion_crops\ISIC_0027070_lesion.jpg
ISIC_0027078,155,110,485,361,bluish,middle-center,A bluish lesion located at the middle-center of the image.,lesion_crops\ISIC_0027078_lesion.jpg
ISIC_0027083,0,248,600,450,bluish,bottom-center,A bluish lesion located at the bottom-center of the image.,lesion_crops\ISIC_0027083_lesion.jpg
ISIC_0027084,0,62,461,450,bluish,middle-center,A bluish lesion located at the middle-center of the image.,lesion_crops\ISIC_0027084_lesion.jpg
ISIC_0027105,197,101,407,327,bluish,middle-center,A bluish lesion located at the middle-center of the image.,lesion_crops\ISIC_0027105_lesion.jpg
ISIC_0027110,40,88,474,333,bluish,middle-center,A bluish lesion located at the middle-center of the image.,lesion_crops\ISIC_0027110_lesion.jpg
ISIC_0027119,0,0,600,450,bluish,middle-center,A bluish lesion located at the middle-center of the image.,lesion_crops\ISIC_0027119_lesion.jpg
ISIC_0027127,0,0,223,450,bluish,middle-left,A bluish lesion located at the middle-left of the image.,lesion_crops\ISIC_0027127_lesion.jpg
ISIC_0027134,97,0,486,423,bluish,middle-center,A bluish lesion located at the middle-center of the image.,lesion_crops\ISIC_0027134_lesion.jpg
ISIC_0027139,157,38,600,450,bluish,middle-center,A bluish lesion located at the middle-center of the image.,lesion_crops\ISIC_0027139_lesion.jpg
ISIC_0027158,160,98,350,331,bluish,middle-center,A bluish lesion located at the middle-center of the image.,lesion_crops\ISIC_0027158_lesion.jpg
ISIC_0027170,84,57,600,450,bluish,middle-center,A bluish lesion located at the middle-center of the image.,lesion_crops\ISIC_0027170_lesion.jpg
ISIC_0027177,139,177,301,371,bluish,middle-center,A bluish lesion located at the middle-center of the image.,lesion_crops\ISIC_0027177_lesion.jpg
ISIC_0027210,264,180,345,251,bluish,middle-center,A bluish lesion located at the middle-center of the image.,lesion_crops\ISIC_0027210_lesion.jpg
ISIC_0027211,502,297,600,450,bluish,bottom-right,A bluish lesion located at the bottom-right of the image.,lesion_crops\ISIC_0027211_lesion.jpg
ISIC_0027213,65,115,532,308,bluish,middle-center,A bluish lesion located at the middle-center of the image.,lesion_crops\ISIC_0027213_lesion.jpg
ISIC_0027218,167,86,454,366,bluish,middle-center,A bluish lesion located at the middle-center of the image.,lesion_crops\ISIC_0027218_lesion.jpg
ISIC_0027246,137,60,470,438,bluish,middle-center,A bluish lesion located at the middle-center of the image.,lesion_crops\ISIC_0027246_lesion.jpg
ISIC_0027249,0,0,172,450,bluish,middle-left,A bluish lesion located at the middle-left of the image.,lesion_crops\ISIC_0027249_lesion.jpg
ISIC_0027295,137,8,600,429,bluish,middle-center,A bluish lesion located at the middle-center of the image.,lesion_crops\ISIC_0027295_lesion.jpg
ISIC_0027297,163,121,334,253,bluish,middle-center,A bluish lesion located at the middle-center of the image.,lesion_crops\ISIC_0027297_lesion.jpg
ISIC_0027299,273,58,403,232,bluish,top-center,A bluish lesion located at the top-center of the image.,lesion_crops\ISIC_0027299_lesion.jpg
ISIC_0027303,115,54,501,414,bluish,middle-center,A bluish lesion located at the middle-center of the image.,lesion_crops\ISIC_0027303_lesion.jpg
ISIC_0027314,152,0,545,450,bluish,middle-center,A bluish lesion located at the middle-center of the image.,lesion_crops\ISIC_0027314_lesion.jpg
ISIC_0027323,236,167,354,299,bluish,middle-center,A bluish lesion located at the middle-center of the image.,lesion_crops\ISIC_0027323_lesion.jpg
ISIC_0027326,15,28,427,409,bluish,middle-center,A bluish lesion located at the middle-center of the image.,lesion_crops\ISIC_0027326_lesion.jpg
ISIC_0027339,195,73,524,321,bluish,middle-center,A bluish lesion located at the middle-center of the image.,lesion_crops\ISIC_0027339_lesion.jpg
ISIC_0027357,226,62,407,305,bluish,middle-center,A bluish lesion located at the middle-center of the image.,lesion_crops\ISIC_0027357_lesion.jpg
ISIC_0027368,0,0,600,450,bluish,middle-center,A bluish lesion located at the middle-center of the image.,lesion_crops\ISIC_0027368_lesion.jpg
ISIC_0027372,81,58,577,434,bluish,middle-center,A bluish lesion located at the middle-center of the image.,lesion_crops\ISIC_0027372_lesion.jpg
ISIC_0027381,58,41,494,450,bluish,middle-center,A bluish lesion located at the middle-center of the image.,lesion_crops\ISIC_0027381_lesion.jpg
ISIC_0027390,130,5,553,402,bluish,middle-center,A bluish lesion located at the middle-center of the image.,lesion_crops\ISIC_0027390_lesion.jpg
ISIC_0027405,270,78,475,371,bluish,middle-center,A bluish lesion located at the middle-center of the image.,lesion_crops\ISIC_0027405_lesion.jpg
ISIC_0027418,271,181,403,291,bluish,middle-center,A bluish lesion located at the middle-center of the image.,lesion_crops\ISIC_0027418_lesion.jpg
ISIC_0027424,149,56,445,353,bluish,middle-center,A bluish lesion located at the middle-center of the image.,lesion_crops\ISIC_0027424_lesion.jpg
ISIC_0027428,0,90,395,312,bluish,middle-left,A bluish lesion located at the middle-left of the image.,lesion_crops\ISIC_0027428_lesion.jpg
ISIC_0027440,216,141,414,376,bluish,middle-center,A bluish lesion located at the middle-center of the image.,lesion_crops\ISIC_0027440_lesion.jpg
ISIC_0027448,162,145,409,381,bluish,middle-center,A bluish lesion located at the middle-center of the image.,lesion_crops\ISIC_0027448_lesion.jpg
ISIC_0027452,117,56,459,362,bluish,middle-center,A bluish lesion located at the middle-center of the image.,lesion_crops\ISIC_0027452_lesion.jpg
ISIC_0027459,197,20,413,276,bluish,top-center,A bluish lesion located at the top-center of the image.,lesion_crops\ISIC_0027459_lesion.jpg
ISIC_0027461,102,86,462,344,bluish,middle-center,A bluish lesion located at the middle-center of the image.,lesion_crops\ISIC_0027461_lesion.jpg
ISIC_0027470,216,95,416,305,bluish,middle-center,A bluish lesion located at the middle-center of the image.,lesion_crops\ISIC_0027470_lesion.jpg
ISIC_0027474,52,0,530,427,bluish,middle-center,A bluish lesion located at the middle-center of the image.,lesion_crops\ISIC_0027474_lesion.jpg
ISIC_0027477,130,82,464,353,bluish,middle-center,A bluish lesion located at the middle-center of the image.,lesion_crops\ISIC_0027477_lesion.jpg
ISIC_0027489,200,164,391,323,bluish,middle-center,A bluish lesion located at the middle-center of the image.,lesion_crops\ISIC_0027489_lesion.jpg
ISIC_0027497,135,189,413,330,bluish,middle-center,A bluish lesion located at the middle-center of the image.,lesion_crops\ISIC_0027497_lesion.jpg
ISIC_0027511,0,0,600,450,bluish,middle-center,A bluish lesion located at the middle-center of the image.,lesion_crops\ISIC_0027511_lesion.jpg
ISIC_0027515,156,130,309,236,bluish,middle-center,A bluish lesion located at the middle-center of the image.,lesion_crops\ISIC_0027515_lesion.jpg
ISIC_0027519,226,135,405,341,bluish,middle-center,A bluish lesion located at the middle-center of the image.,lesion_crops\ISIC_0027519_lesion.jpg
ISIC_0027523,220,113,374,330,bluish,middle-center,A bluish lesion located at the middle-center of the image.,lesion_crops\ISIC_0027523_lesion.jpg
ISIC_0027541,120,40,390,400,bluish,middle-center,A bluish lesion located at the middle-center of the image.,lesion_crops\ISIC_0027541_lesion.jpg
ISIC_0027548,185,143,397,318,bluish,middle-center,A bluish lesion located at the middle-center of the image.,lesion_crops\ISIC_0027548_lesion.jpg
ISIC_0027552,205,75,455,376,bluish,middle-center,A bluish lesion located at the middle-center of the image.,lesion_crops\ISIC_0027552_lesion.jpg
ISIC_0027566,145,159,379,327,bluish,middle-center,A bluish lesion located at the middle-center of the image.,lesion_crops\ISIC_0027566_lesion.jpg
ISIC_0027587,209,115,445,450,bluish,middle-center,A bluish lesion located at the middle-center of the image.,lesion_crops\ISIC_0027587_lesion.jpg
ISIC_0027610,0,0,600,450,bluish,middle-center,A bluish lesion located at the middle-center of the image.,lesion_crops\ISIC_0027610_lesion.jpg
ISIC_0027619,0,44,548,390,bluish,middle-center,A bluish lesion located at the middle-center of the image.,lesion_crops\ISIC_0027619_lesion.jpg
ISIC_0027621,162,187,471,422,bluish,bottom-center,A bluish lesion located at the bottom-center of the image.,lesion_crops\ISIC_0027621_lesion.jpg
ISIC_0027634,170,112,375,307,bluish,middle-center,A bluish lesion located at the middle-center of the image.,lesion_crops\ISIC_0027634_lesion.jpg
ISIC_0027635,257,110,377,253,bluish,middle-center,A bluish lesion located at the middle-center of the image.,lesion_crops\ISIC_0027635_lesion.jpg
ISIC_0027636,142,30,403,374,bluish,middle-center,A bluish lesion located at the middle-center of the image.,lesion_crops\ISIC_0027636_lesion.jpg
ISIC_0027637,0,0,600,450,bluish,middle-center,A bluish lesion located at the middle-center of the image.,lesion_crops\ISIC_0027637_lesion.jpg
ISIC_0027644,222,162,335,272,bluish,middle-center,A bluish lesion located at the middle-center of the image.,lesion_crops\ISIC_0027644_lesion.jpg
ISIC_0027647,189,102,412,368,bluish,middle-center,A bluish lesion located at the middle-center of the image.,lesion_crops\ISIC_0027647_lesion.jpg
ISIC_0027652,0,0,322,450,bluish,middle-left,A bluish lesion located at the middle-left of the image.,lesion_crops\ISIC_0027652_lesion.jpg
ISIC_0027658,175,46,523,411,bluish,middle-center,A bluish lesion located at the middle-center of the image.,lesion_crops\ISIC_0027658_lesion.jpg
ISIC_0027668,203,115,433,395,bluish,middle-center,A bluish lesion located at the middle-center of the image.,lesion_crops\ISIC_0027668_lesion.jpg
ISIC_0027676,155,150,415,450,bluish,middle-center,A bluish lesion located at the middle-center of the image.,lesion_crops\ISIC_0027676_lesion.jpg
ISIC_0027682,122,179,285,308,bluish,middle-center,A bluish lesion located at the middle-center of the image.,lesion_crops\ISIC_0027682_lesion.jpg
ISIC_0027694,112,55,488,327,bluish,middle-center,A bluish lesion located at the middle-center of the image.,lesion_crops\ISIC_0027694_lesion.jpg
ISIC_0027696,87,54,448,370,bluish,middle-center,A bluish lesion located at the middle-center of the image.,lesion_crops\ISIC_0027696_lesion.jpg
ISIC_0027702,0,0,600,450,bluish,middle-center,A bluish lesion located at the middle-center of the image.,lesion_crops\ISIC_0027702_lesion.jpg
ISIC_0027720,121,124,454,326,bluish,middle-center,A bluish lesion located at the middle-center of the image.,lesion_crops\ISIC_0027720_lesion.jpg
ISIC_0027723,165,99,432,311,bluish,middle-center,A bluish lesion located at the middle-center of the image.,lesion_crops\ISIC_0027723_lesion.jpg
ISIC_0027733,52,64,500,257,bluish,middle-center,A bluish lesion located at the middle-center of the image.,lesion_crops\ISIC_0027733_lesion.jpg
ISIC_0027738,364,0,600,450,bluish,middle-right,A bluish lesion located at the middle-right of the image.,lesion_crops\ISIC_0027738_lesion.jpg
ISIC_0027739,0,0,196,450,reddish,middle-left,A reddish lesion located at the middle-left of the image.,lesion_crops\ISIC_0027739_lesion.jpg
ISIC_0027748,158,79,382,289,bluish,middle-center,A bluish lesion located at the middle-center of the image.,lesion_crops\ISIC_0027748_lesion.jpg
ISIC_0027760,148,96,488,379,bluish,middle-center,A bluish lesion located at the middle-center of the image.,lesion_crops\ISIC_0027760_lesion.jpg
ISIC_0027761,188,156,488,349,bluish,middle-center,A bluish lesion located at the middle-center of the image.,lesion_crops\ISIC_0027761_lesion.jpg
ISIC_0027775,0,0,600,450,bluish,middle-center,A bluish lesion located at the middle-center of the image.,lesion_crops\ISIC_0027775_lesion.jpg
ISIC_0027781,206,105,443,366,bluish,middle-center,A bluish lesion located at the middle-center of the image.,lesion_crops\ISIC_0027781_lesion.jpg
ISIC_0027799,257,64,470,315,bluish,middle-center,A bluish lesion located at the middle-center of the image.,lesion_crops\ISIC_0027799_lesion.jpg
ISIC_0027808,0,0,600,389,bluish,middle-center,A bluish lesion located at the middle-center of the image.,lesion_crops\ISIC_0027808_lesion.jpg
ISIC_0027809,155,61,471,383,bluish,middle-center,A bluish lesion located at the middle-center of the image.,lesion_crops\ISIC_0027809_lesion.jpg
ISIC_0027817,0,15,496,450,bluish,middle-center,A bluish lesion located at the middle-center of the image.,lesion_crops\ISIC_0027817_lesion.jpg
ISIC_0027825,140,76,532,419,bluish,middle-center,A bluish lesion located at the middle-center of the image.,lesion_crops\ISIC_0027825_lesion.jpg
ISIC_0027828,168,81,424,327,bluish,middle-center,A bluish lesion located at the middle-center of the image.,lesion_crops\ISIC_0027828_lesion.jpg
ISIC_0027829,0,115,600,450,bluish,middle-center,A bluish lesion located at the middle-center of the image.,lesion_crops\ISIC_0027829_lesion.jpg
ISIC_0027833,112,156,508,450,bluish,bottom-center,A bluish lesion located at the bottom-center of the image.,lesion_crops\ISIC_0027833_lesion.jpg
ISIC_0027839,229,147,411,324,bluish,middle-center,A bluish lesion located at the middle-center of the image.,lesion_crops\ISIC_0027839_lesion.jpg
ISIC_0027841,214,123,413,285,bluish,middle-center,A bluish lesion located at the middle-center of the image.,lesion_crops\ISIC_0027841_lesion.jpg
ISIC_0027843,227,192,385,365,bluish,middle-center,A bluish lesion located at the middle-center of the image.,lesion_crops\ISIC_0027843_lesion.jpg
ISIC_0027882,85,14,453,393,bluish,middle-center,A bluish lesion located at the middle-center of the image.,lesion_crops\ISIC_0027882_lesion.jpg
ISIC_0027888,358,111,465,239,bluish,middle-right,A bluish lesion located at the middle-right of the image.,lesion_crops\ISIC_0027888_lesion.jpg
ISIC_0027891,0,0,600,450,bluish,middle-center,A bluish lesion located at the middle-center of the image.,lesion_crops\ISIC_0027891_lesion.jpg
ISIC_0027894,42,14,486,450,bluish,middle-center,A bluish lesion located at the middle-center of the image.,lesion_crops\ISIC_0027894_lesion.jpg
ISIC_0027913,219,138,360,277,bluish,middle-center,A bluish lesion located at the middle-center of the image.,lesion_crops\ISIC_0027913_lesion.jpg
ISIC_0027919,214,60,572,351,bluish,middle-center,A bluish lesion located at the middle-center of the image.,lesion_crops\ISIC_0027919_lesion.jpg
ISIC_0027921,80,66,371,353,bluish,middle-center,A bluish lesion located at the middle-center of the image.,lesion_crops\ISIC_0027921_lesion.jpg
ISIC_0027923,277,107,429,288,bluish,middle-center,A bluish lesion located at the middle-center of the image.,lesion_crops\ISIC_0027923_lesion.jpg
ISIC_0027940,219,160,328,267,bluish,middle-center,A bluish lesion located at the middle-center of the image.,lesion_crops\ISIC_0027940_lesion.jpg
ISIC_0027957,374,208,600,450,bluish,bottom-right,A bluish lesion located at the bottom-right of the image.,lesion_crops\ISIC_0027957_lesion.jpg
ISIC_0027960,79,49,480,378,bluish,middle-center,A bluish lesion located at the middle-center of the image.,lesion_crops\ISIC_0027960_lesion.jpg
ISIC_0027962,203,15,408,199,bluish,top-center,A bluish lesion located at the top-center of the image.,lesion_crops\ISIC_0027962_lesion.jpg
ISIC_0027968,253,81,434,279,bluish,middle-center,A bluish lesion located at the middle-center of the image.,lesion_crops\ISIC_0027968_lesion.jpg
ISIC_0027971,151,101,385,368,bluish,middle-center,A bluish lesion located at the middle-center of the image.,lesion_crops\ISIC_0027971_lesion.jpg
ISIC_0027977,0,0,600,450,bluish,middle-center,A bluish lesion located at the middle-center of the image.,lesion_crops\ISIC_0027977_lesion.jpg
ISIC_0027978,227,137,408,326,bluish,middle-center,A bluish lesion located at the middle-center of the image.,lesion_crops\ISIC_0027978_lesion.jpg
ISIC_0027982,160,65,503,315,bluish,middle-center,A bluish lesion located at the middle-center of the image.,lesion_crops\ISIC_0027982_lesion.jpg
ISIC_0027988,172,130,364,396,bluish,middle-center,A bluish lesion located at the middle-center of the image.,lesion_crops\ISIC_0027988_lesion.jpg
ISIC_0027991,29,0,600,373,bluish,middle-center,A bluish lesion located at the middle-center of the image.,lesion_crops\ISIC_0027991_lesion.jpg
ISIC_0027995,0,0,600,450,bluish,middle-center,A bluish lesion located at the middle-center of the image.,lesion_crops\ISIC_0027995_lesion.jpg
ISIC_0028002,0,0,250,350,bluish,middle-left,A bluish lesion located at the middle-left of the image.,lesion_crops\ISIC_0028002_lesion.jpg
ISIC_0028006,163,96,434,359,bluish,middle-center,A bluish lesion located at the middle-center of the image.,lesion_crops\ISIC_0028006_lesion.jpg
ISIC_0028024,210,34,468,424,bluish,middle-center,A bluish lesion located at the middle-center of the image.,lesion_crops\ISIC_0028024_lesion.jpg
ISIC_0028028,0,0,600,450,bluish,middle-center,A bluish lesion located at the middle-center of the image.,lesion_crops\ISIC_0028028_lesion.jpg
ISIC_0028030,266,177,420,326,bluish,middle-center,A bluish lesion located at the middle-center of the image.,lesion_crops\ISIC_0028030_lesion.jpg
ISIC_0028036,215,0,600,450,bluish,middle-right,A bluish lesion located at the middle-right of the image.,lesion_crops\ISIC_0028036_lesion.jpg
ISIC_0028059,198,98,460,342,bluish,middle-center,A bluish lesion located at the middle-center of the image.,lesion_crops\ISIC_0028059_lesion.jpg
ISIC_0028068,277,130,448,372,bluish,middle-center,A bluish lesion located at the middle-center of the image.,lesion_crops\ISIC_0028068_lesion.jpg
ISIC_0028069,0,0,217,450,bluish,middle-left,A bluish lesion located at the middle-left of the image.,lesion_crops\ISIC_0028069_lesion.jpg
ISIC_0028083,47,0,448,450,bluish,middle-center,A bluish lesion located at the middle-center of the image.,lesion_crops\ISIC_0028083_lesion.jpg
ISIC_0028090,200,92,457,384,bluish,middle-center,A bluish lesion located at the middle-center of the image.,lesion_crops\ISIC_0028090_lesion.jpg
ISIC_0028094,145,129,393,380,bluish,middle-center,A bluish lesion located at the middle-center of the image.,lesion_crops\ISIC_0028094_lesion.jpg
ISIC_0028095,183,138,414,322,bluish,middle-center,A bluish lesion located at the middle-center of the image.,lesion_crops\ISIC_0028095_lesion.jpg
ISIC_0028096,129,77,342,356,bluish,middle-center,A bluish lesion located at the middle-center of the image.,lesion_crops\ISIC_0028096_lesion.jpg
ISIC_0028099,121,115,367,382,bluish,middle-center,A bluish lesion located at the middle-center of the image.,lesion_crops\ISIC_0028099_lesion.jpg
ISIC_0028142,0,56,600,450,bluish,middle-center,A bluish lesion located at the middle-center of the image.,lesion_crops\ISIC_0028142_lesion.jpg
ISIC_0028143,81,76,412,313,bluish,middle-center,A bluish lesion located at the middle-center of the image.,lesion_crops\ISIC_0028143_lesion.jpg
ISIC_0028146,126,116,349,373,bluish,middle-center,A bluish lesion located at the middle-center of the image.,lesion_crops\ISIC_0028146_lesion.jpg
ISIC_0028189,151,18,468,437,bluish,middle-center,A bluish lesion located at the middle-center of the image.,lesion_crops\ISIC_0028189_lesion.jpg
ISIC_0028223,256,0,600,450,bluish,middle-right,A bluish lesion located at the middle-right of the image.,lesion_crops\ISIC_0028223_lesion.jpg
ISIC_0028240,196,39,408,296,bluish,middle-center,A bluish lesion located at the middle-center of the image.,lesion_crops\ISIC_0028240_lesion.jpg
ISIC_0028242,0,0,519,450,bluish,middle-center,A bluish lesion located at the middle-center of the image.,lesion_crops\ISIC_0028242_lesion.jpg
ISIC_0028250,156,119,302,332,bluish,middle-center,A bluish lesion located at the middle-center of the image.,lesion_crops\ISIC_0028250_lesion.jpg
ISIC_0028251,114,95,352,313,bluish,middle-center,A bluish lesion located at the middle-center of the image.,lesion_crops\ISIC_0028251_lesion.jpg
ISIC_0028254,157,57,564,396,bluish,middle-center,A bluish lesion located at the middle-center of the image.,lesion_crops\ISIC_0028254_lesion.jpg
ISIC_0028256,70,0,600,450,bluish,middle-center,A bluish lesion located at the middle-center of the image.,lesion_crops\ISIC_0028256_lesion.jpg
ISIC_0028267,176,62,441,377,bluish,middle-center,A bluish lesion located at the middle-center of the image.,lesion_crops\ISIC_0028267_lesion.jpg
ISIC_0028272,514,328,600,450,bluish,bottom-right,A bluish lesion located at the bottom-right of the image.,lesion_crops\ISIC_0028272_lesion.jpg
ISIC_0028279,0,0,461,450,bluish,middle-center,A bluish lesion located at the middle-center of the image.,lesion_crops\ISIC_0028279_lesion.jpg
ISIC_0028284,244,114,445,317,bluish,middle-center,A bluish lesion located at the middle-center of the image.,lesion_crops\ISIC_0028284_lesion.jpg
ISIC_0028290,225,153,385,277,bluish,middle-center,A bluish lesion located at the middle-center of the image.,lesion_crops\ISIC_0028290_lesion.jpg
ISIC_0028309,201,113,376,339,bluish,middle-center,A bluish lesion located at the middle-center of the image.,lesion_crops\ISIC_0028309_lesion.jpg
ISIC_0028313,140,59,364,359,bluish,middle-center,A bluish lesion located at the middle-center of the image.,lesion_crops\ISIC_0028313_lesion.jpg
ISIC_0028317,0,0,273,450,bluish,middle-left,A bluish lesion located at the middle-left of the image.,lesion_crops\ISIC_0028317_lesion.jpg
ISIC_0028341,135,84,520,387,bluish,middle-center,A bluish lesion located at the middle-center of the image.,lesion_crops\ISIC_0028341_lesion.jpg
ISIC_0028351,0,0,600,450,bluish,middle-center,A bluish lesion located at the middle-center of the image.,lesion_crops\ISIC_0028351_lesion.jpg
ISIC_0028359,154,6,589,373,bluish,middle-center,A bluish lesion located at the middle-center of the image.,lesion_crops\ISIC_0028359_lesion.jpg
ISIC_0028377,129,64,414,372,bluish,middle-center,A bluish lesion located at the middle-center of the image.,lesion_crops\ISIC_0028377_lesion.jpg
ISIC_0028379,165,97,340,230,bluish,middle-center,A bluish lesion located at the middle-center of the image.,lesion_crops\ISIC_0028379_lesion.jpg
ISIC_0028415,69,76,503,397,bluish,middle-center,A bluish lesion located at the middle-center of the image.,lesion_crops\ISIC_0028415_lesion.jpg
ISIC_0028423,208,0,347,71,bluish,top-center,A bluish lesion located at the top-center of the image.,lesion_crops\ISIC_0028423_lesion.jpg
ISIC_0028427,0,0,600,450,bluish,middle-center,A bluish lesion located at the middle-center of the image.,lesion_crops\ISIC_0028427_lesion.jpg
ISIC_0028442,193,106,464,417,bluish,middle-center,A bluish lesion located at the middle-center of the image.,lesion_crops\ISIC_0028442_lesion.jpg
ISIC_0028445,164,161,401,298,bluish,middle-center,A bluish lesion located at the middle-center of the image.,lesion_crops\ISIC_0028445_lesion.jpg
ISIC_0028459,173,146,419,407,bluish,middle-center,A bluish lesion located at the middle-center of the image.,lesion_crops\ISIC_0028459_lesion.jpg
ISIC_0028462,166,43,361,328,bluish,middle-center,A bluish lesion located at the middle-center of the image.,lesion_crops\ISIC_0028462_lesion.jpg
ISIC_0028465,77,48,503,416,bluish,middle-center,A bluish lesion located at the middle-center of the image.,lesion_crops\ISIC_0028465_lesion.jpg
ISIC_0028475,139,121,372,366,bluish,middle-center,A bluish lesion located at the middle-center of the image.,lesion_crops\ISIC_0028475_lesion.jpg
ISIC_0028480,66,0,467,396,bluish,middle-center,A bluish lesion located at the middle-center of the image.,lesion_crops\ISIC_0028480_lesion.jpg
ISIC_0028481,0,0,505,450,bluish,middle-center,A bluish lesion located at the middle-center of the image.,lesion_crops\ISIC_0028481_lesion.jpg
ISIC_0028484,146,148,437,305,bluish,middle-center,A bluish lesion located at the middle-center of the image.,lesion_crops\ISIC_0028484_lesion.jpg
ISIC_0028502,18,83,464,378,bluish,middle-center,A bluish lesion located at the middle-center of the image.,lesion_crops\ISIC_0028502_lesion.jpg
ISIC_0028521,171,77,363,245,bluish,middle-center,A bluish lesion located at the middle-center of the image.,lesion_crops\ISIC_0028521_lesion.jpg
ISIC_0028523,0,36,531,450,bluish,middle-center,A bluish lesion located at the middle-center of the image.,lesion_crops\ISIC_0028523_lesion.jpg
ISIC_0028526,158,31,395,450,bluish,middle-center,A bluish lesion located at the middle-center of the image.,lesion_crops\ISIC_0028526_lesion.jpg
ISIC_0028544,177,31,512,365,bluish,middle-center,A bluish lesion located at the middle-center of the image.,lesion_crops\ISIC_0028544_lesion.jpg
ISIC_0028551,252,0,600,450,bluish,middle-right,A bluish lesion located at the middle-right of the image.,lesion_crops\ISIC_0028551_lesion.jpg
ISIC_0028580,200,146,400,305,bluish,middle-center,A bluish lesion located at the middle-center of the image.,lesion_crops\ISIC_0028580_lesion.jpg
ISIC_0028597,170,105,361,274,bluish,middle-center,A bluish lesion located at the middle-center of the image.,lesion_crops\ISIC_0028597_lesion.jpg
ISIC_0028611,62,72,477,386,bluish,middle-center,A bluish lesion located at the middle-center of the image.,lesion_crops\ISIC_0028611_lesion.jpg
ISIC_0028620,123,3,380,279,bluish,top-center,A bluish lesion located at the top-center of the image.,lesion_crops\ISIC_0028620_lesion.jpg
ISIC_0028647,94,44,322,377,bluish,middle-center,A bluish lesion located at the middle-center of the image.,lesion_crops\ISIC_0028647_lesion.jpg
ISIC_0028667,81,117,453,442,bluish,middle-center,A bluish lesion located at the middle-center of the image.,lesion_crops\ISIC_0028667_lesion.jpg
ISIC_0028672,108,36,330,303,bluish,middle-center,A bluish lesion located at the middle-center of the image.,lesion_crops\ISIC_0028672_lesion.jpg
ISIC_0028717,0,54,600,442,bluish,middle-center,A bluish lesion located at the middle-center of the image.,lesion_crops\ISIC_0028717_lesion.jpg
ISIC_0028725,233,55,447,306,bluish,middle-center,A bluish lesion located at the middle-center of the image.,lesion_crops\ISIC_0028725_lesion.jpg
ISIC_0028729,201,94,493,450,bluish,middle-center,A bluish lesion located at the middle-center of the image.,lesion_crops\ISIC_0028729_lesion.jpg
ISIC_0028732,9,164,448,450,bluish,bottom-center,A bluish lesion located at the bottom-center of the image.,lesion_crops\ISIC_0028732_lesion.jpg
ISIC_0028740,110,10,461,387,bluish,middle-center,A bluish lesion located at the middle-center of the image.,lesion_crops\ISIC_0028740_lesion.jpg
ISIC_0028745,212,74,468,450,bluish,middle-center,A bluish lesion located at the middle-center of the image.,lesion_crops\ISIC_0028745_lesion.jpg
ISIC_0028760,182,199,340,334,bluish,middle-center,A bluish lesion located at the middle-center of the image.,lesion_crops\ISIC_0028760_lesion.jpg
ISIC_0028762,186,140,372,294,bluish,middle-center,A bluish lesion located at the middle-center of the image.,lesion_crops\ISIC_0028762_lesion.jpg
ISIC_0028778,217,79,479,450,bluish,middle-center,A bluish lesion located at the middle-center of the image.,lesion_crops\ISIC_0028778_lesion.jpg
ISIC_0028782,227,0,502,315,bluish,middle-center,A bluish lesion located at the middle-center of the image.,lesion_crops\ISIC_0028782_lesion.jpg
ISIC_0028788,54,93,442,387,bluish,middle-center,A bluish lesion located at the middle-center of the image.,lesion_crops\ISIC_0028788_lesion.jpg
ISIC_0028798,44,121,296,348,bluish,middle-left,A bluish lesion located at the middle-left of the image.,lesion_crops\ISIC_0028798_lesion.jpg
ISIC_0028802,163,0,373,319,bluish,middle-center,A bluish lesion located at the middle-center of the image.,lesion_crops\ISIC_0028802_lesion.jpg
ISIC_0028805,262,101,397,197,bluish,top-center,A bluish lesion located at the top-center of the image.,lesion_crops\ISIC_0028805_lesion.jpg
ISIC_0028807,0,0,165,450,bluish,middle-left,A bluish lesion located at the middle-left of the image.,lesion_crops\ISIC_0028807_lesion.jpg
ISIC_0028818,117,84,488,384,bluish,middle-center,A bluish lesion located at the middle-center of the image.,lesion_crops\ISIC_0028818_lesion.jpg
ISIC_0028825,84,88,459,355,bluish,middle-center,A bluish lesion located at the middle-center of the image.,lesion_crops\ISIC_0028825_lesion.jpg
ISIC_0028845,46,0,426,329,bluish,middle-center,A bluish lesion located at the middle-center of the image.,lesion_crops\ISIC_0028845_lesion.jpg
ISIC_0028856,144,128,426,328,bluish,middle-center,A bluish lesion located at the middle-center of the image.,lesion_crops\ISIC_0028856_lesion.jpg
ISIC_0028864,174,21,458,315,bluish,middle-center,A bluish lesion located at the middle-center of the image.,lesion_crops\ISIC_0028864_lesion.jpg
ISIC_0028869,263,131,402,246,bluish,middle-center,A bluish lesion located at the middle-center of the image.,lesion_crops\ISIC_0028869_lesion.jpg
ISIC_0028876,0,0,125,450,bluish,middle-left,A bluish lesion located at the middle-left of the image.,lesion_crops\ISIC_0028876_lesion.jpg
ISIC_0028894,151,25,468,409,bluish,middle-center,A bluish lesion located at the middle-center of the image.,lesion_crops\ISIC_0028894_lesion.jpg
ISIC_0028902,114,92,431,289,bluish,middle-center,A bluish lesion located at the middle-center of the image.,lesion_crops\ISIC_0028902_lesion.jpg
ISIC_0028910,168,118,377,255,bluish,middle-center,A bluish lesion located at the middle-center of the image.,lesion_crops\ISIC_0028910_lesion.jpg
ISIC_0028936,32,66,467,450,bluish,middle-center,A bluish lesion located at the middle-center of the image.,lesion_crops\ISIC_0028936_lesion.jpg
ISIC_0028945,0,0,234,450,bluish,middle-left,A bluish lesion located at the middle-left of the image.,lesion_crops\ISIC_0028945_lesion.jpg
ISIC_0028980,202,124,375,308,bluish,middle-center,A bluish lesion located at the middle-center of the image.,lesion_crops\ISIC_0028980_lesion.jpg
ISIC_0028983,0,0,185,450,bluish,middle-left,A bluish lesion located at the middle-left of the image.,lesion_crops\ISIC_0028983_lesion.jpg
ISIC_0028985,222,114,451,286,bluish,middle-center,A bluish lesion located at the middle-center of the image.,lesion_crops\ISIC_0028985_lesion.jpg
ISIC_0028989,171,106,436,339,bluish,middle-center,A bluish lesion located at the middle-center of the image.,lesion_crops\ISIC_0028989_lesion.jpg
ISIC_0028991,187,111,478,435,bluish,middle-center,A bluish lesion located at the middle-center of the image.,lesion_crops\ISIC_0028991_lesion.jpg
ISIC_0028994,155,142,413,343,bluish,middle-center,A bluish lesion located at the middle-center of the image.,lesion_crops\ISIC_0028994_lesion.jpg
ISIC_0029001,0,104,425,450,bluish,middle-center,A bluish lesion located at the middle-center of the image.,lesion_crops\ISIC_0029001_lesion.jpg
ISIC_0029019,0,0,600,450,bluish,middle-center,A bluish lesion located at the middle-center of the image.,lesion_crops\ISIC_0029019_lesion.jpg
ISIC_0029024,242,109,507,341,bluish,middle-center,A bluish lesion located at the middle-center of the image.,lesion_crops\ISIC_0029024_lesion.jpg
ISIC_0029038,0,282,193,450,bluish,bottom-left,A bluish lesion located at the bottom-left of the image.,lesion_crops\ISIC_0029038_lesion.jpg
ISIC_0029046,232,136,415,322,bluish,middle-center,A bluish lesion located at the middle-center of the image.,lesion_crops\ISIC_0029046_lesion.jpg
ISIC_0029084,0,126,370,358,bluish,middle-left,A bluish lesion located at the middle-left of the image.,lesion_crops\ISIC_0029084_lesion.jpg
ISIC_0029098,0,199,600,450,bluish,bottom-center,A bluish lesion located at the bottom-center of the image.,lesion_crops\ISIC_0029098_lesion.jpg
ISIC_0029107,119,155,349,326,bluish,middle-center,A bluish lesion located at the middle-center of the image.,lesion_crops\ISIC_0029107_lesion.jpg
ISIC_0029114,150,17,420,429,bluish,middle-center,A bluish lesion located at the middle-center of the image.,lesion_crops\ISIC_0029114_lesion.jpg
ISIC_0029115,0,0,318,450,bluish,middle-left,A bluish lesion located at the middle-left of the image.,lesion_crops\ISIC_0029115_lesion.jpg
ISIC_0029139,0,46,474,450,bluish,middle-center,A bluish lesion located at the middle-center of the image.,lesion_crops\ISIC_0029139_lesion.jpg
ISIC_0029159,238,105,433,342,bluish,middle-center,A bluish lesion located at the middle-center of the image.,lesion_crops\ISIC_0029159_lesion.jpg
ISIC_0029161,124,41,456,401,bluish,middle-center,A bluish lesion located at the middle-center of the image.,lesion_crops\ISIC_0029161_lesion.jpg
ISIC_0029180,219,57,504,374,bluish,middle-center,A bluish lesion located at the middle-center of the image.,lesion_crops\ISIC_0029180_lesion.jpg
ISIC_0029206,0,0,600,450,bluish,middle-center,A bluish lesion located at the middle-center of the image.,lesion_crops\ISIC_0029206_lesion.jpg
ISIC_0029212,81,33,475,426,bluish,middle-center,A bluish lesion located at the middle-center of the image.,lesion_crops\ISIC_0029212_lesion.jpg
ISIC_0029229,0,6,600,450,bluish,middle-center,A bluish lesion located at the middle-center of the image.,lesion_crops\ISIC_0029229_lesion.jpg
ISIC_0029235,0,179,274,450,bluish,bottom-left,A bluish lesion located at the bottom-left of the image.,lesion_crops\ISIC_0029235_lesion.jpg
ISIC_0029239,107,115,423,344,bluish,middle-center,A bluish lesion located at the middle-center of the image.,lesion_crops\ISIC_0029239_lesion.jpg
ISIC_0029245,128,0,461,412,bluish,middle-center,A bluish lesion located at the middle-center of the image.,lesion_crops\ISIC_0029245_lesion.jpg
ISIC_0029248,0,0,464,450,bluish,middle-center,A bluish lesion located at the middle-center of the image.,lesion_crops\ISIC_0029248_lesion.jpg
ISIC_0029251,51,30,415,450,bluish,middle-center,A bluish lesion located at the middle-center of the image.,lesion_crops\ISIC_0029251_lesion.jpg
ISIC_0029253,150,53,432,343,bluish,middle-center,A bluish lesion located at the middle-center of the image.,lesion_crops\ISIC_0029253_lesion.jpg
ISIC_0029262,238,186,347,351,bluish,middle-center,A bluish lesion located at the middle-center of the image.,lesion_crops\ISIC_0029262_lesion.jpg
ISIC_0029263,0,0,281,450,bluish,middle-left,A bluish lesion located at the middle-left of the image.,lesion_crops\ISIC_0029263_lesion.jpg
ISIC_0029283,211,195,460,380,bluish,middle-center,A bluish lesion located at the middle-center of the image.,lesion_crops\ISIC_0029283_lesion.jpg
ISIC_0029284,231,240,386,368,bluish,bottom-center,A bluish lesion located at the bottom-center of the image.,lesion_crops\ISIC_0029284_lesion.jpg
ISIC_0029302,217,0,600,450,bluish,middle-right,A bluish lesion located at the middle-right of the image.,lesion_crops\ISIC_0029302_lesion.jpg
